site,lat,lon,dep,type
えりも ERM,42.0178,143.1417,0,験潮
三陸沖１,39.2312,142.7684,0,津波計
三陸沖２,39.2489,142.4411,0,津波計
相模１,34.5954,139.9198,0,津波観測
相模２,34.8112,139.6035,0,津波観測
相模３,35.0713,139.3907,0,津波観測
ＤＯＮＥＴＡ3津波計,33.6484,136.6037,0,津波計
ＤＯＮＥＴＡ2津波計,33.7524,136.6488,0,津波計
ＤＯＮＥＴＡ4津波計,33.6781,136.4674,0,津波計
ＤＯＮＥＴD16津波計,33.3045,136.5958,0,津波計
ＤＯＮＥＴE17津波計,33.485,136.4451,0,津波計
ＤＯＮＥＴB6津波計,33.3584,136.9216,0,津波計
ＤＯＮＥＴB8津波計,33.4664,136.8039,0,津波計
ＤＯＮＥＴE18津波計,33.386,136.3828,0,津波計
ＤＯＮＥＴB5津波計,33.4772,136.9264,0,津波計
ＤＯＮＥＴC9津波計,33.0584,136.8313,0,津波計
ＤＯＮＥＴD14津波計,33.1727,136.577,0,津波計
ＤＯＮＥＴＡ1津波計,33.8048,136.557,0,津波計
ＤＯＮＥＴB7津波計,33.3613,136.8072,0,津波計
ＤＯＮＥＴD13津波計,33.2201,136.6903,0,津波計
ＤＯＮＥＴD15津波計,33.2331,136.5631,0,津波計
ＤＯＮＥＴE19津波計,33.4459,136.2564,0,津波計
ＤＯＮＥＴE20津波計,33.5444,136.3325,0,津波計
ＤＯＮＥＴC10津波計,33.0533,136.9335,0,津波計
ＤＯＮＥＴC11津波計,33.0033,136.779,0,津波計
ＤＯＮＥＴC12津波計,33.1279,136.8188,0,津波計
ＤＯＮＥＴ2 A1津波計,33.4085,134.7449,0,津波計
ＤＯＮＥＴ2 A2津波計,33.3393,134.8641,0,津波計
ＤＯＮＥＴ2 A3津波計,33.249,134.7691,0,津波計
ＤＯＮＥＴ2 A4津波計,33.3205,134.6724,0,津波計
ＤＯＮＥＴ2 B5津波計,33.3222,135.0667,0,津波計
ＤＯＮＥＴ2 B6津波計,33.2252,135.1698,0,津波計
ＤＯＮＥＴ2 B7津波計,33.1755,135.0964,0,津波計
ＤＯＮＥＴ2 B8津波計,33.275,134.9869,0,津波計
ＤＯＮＥＴ2 C9津波計,33.228,135.4585,0,津波計
ＤＯＮＥＴ2 C10津波計,33.1251,135.5249,0,津波計
ＤＯＮＥＴ2 C11津波計,33.0837,135.4121,0,津波計
ＤＯＮＥＴ2 C12津波計,33.1752,135.3414,0,津波計
ＤＯＮＥＴ2D13津波計,33.1594,135.7557,0,津波計
ＤＯＮＥＴ2D14津波計,33.1359,135.8584,0,津波計
ＤＯＮＥＴ2D15津波計,33.142,135.9586,0,津波計
ＤＯＮＥＴ2D16津波計,33.0299,135.8401,0,津波計
ＤＯＮＥＴ2D17津波計,33.0915,135.7144,0,津波計
ＤＯＮＥＴ2E18津波計,32.927,135.7747,0,津波計
ＤＯＮＥＴ2E19津波計,32.892,135.8336,0,津波計
ＤＯＮＥＴ2E20津波計,32.8017,135.7733,0,津波計
ＤＯＮＥＴ2E21津波計,32.8603,135.667,0,津波計
ＤＯＮＥＴ2F22津波計,32.988,135.225,0,津波計
ＤＯＮＥＴ2F23津波計,32.8827,135.3082,0,津波計
ＤＯＮＥＴ2F24津波計,32.8545,135.1916,0,津波計
ＤＯＮＥＴ2F25津波計,32.8919,135.1538,0,津波計
ＤＯＮＥＴ2G26津波計,32.7615,134.5167,0,津波計
ＤＯＮＥＴ2G27津波計,32.7089,134.5996,0,津波計
ＤＯＮＥＴ2G28津波計,32.6251,134.5164,0,津波計
ＤＯＮＥＴ2G29津波計,32.6752,134.4334,0,津波計
ＤＯＮＥＴ1C21津波計,32.9506,136.7417,0,津波計
ＤＯＮＥＴ1E22津波計,33.3303,136.2702,0,津波計
S-net S1N01津波計,35.8968,141.0535,0,津波計
S-net S1N02津波計,35.8424,141.3772,0,津波計
S-net S1N03津波計,35.7203,141.6451,0,津波計
S-net S1N04津波計,35.6036,141.9041,0,津波計
S-net S1N05津波計,35.4047,142.0531,0,津波計
S-net S1N06津波計,35.2277,141.8692,0,津波計
S-net S1N07津波計,35.2773,141.5902,0,津波計
S-net S1N08津波計,35.4536,141.3898,0,津波計
S-net S1N09津波計,35.227,141.3068,0,津波計
S-net S1N10津波計,35.0925,141.2021,0,津波計
S-net S1N11津波計,35.1203,140.9682,0,津波計
S-net S1N12津波計,35.0228,140.8091,0,津波計
S-net S1N13津波計,34.8788,140.9627,0,津波計
S-net S1N14津波計,34.6407,141.0907,0,津波計
S-net S1N15津波計,34.5256,141.3512,0,津波計
S-net S1N16津波計,34.3686,141.5402,0,津波計
S-net S1N17津波計,34.1956,141.3341,0,津波計
S-net S1N18津波計,34.262,141.0316,0,津波計
S-net S1N19津波計,34.2269,140.7311,0,津波計
S-net S1N20津波計,34.2592,140.4159,0,津波計
S-net S1N21津波計,34.4231,140.203,0,津波計
S-net S1N22津波計,34.6443,140.0906,0,津波計
S-net S2N01津波計,37.8428,141.3845,0,津波計
S-net S2N02津波計,37.6922,141.6387,0,津波計
S-net S2N03津波計,37.7073,141.965,0,津波計
S-net S2N04津波計,37.6739,142.2975,0,津波計
S-net S2N05津波計,37.6016,142.6236,0,津波計
S-net S2N06津波計,37.5259,142.935,0,津波計
S-net S2N07津波計,37.429,143.2266,0,津波計
S-net S2N08津波計,37.222,143.07,0,津波計
S-net S2N09津波計,37.0741,142.8188,0,津波計
S-net S2N10津波計,37.0948,142.4979,0,津波計
S-net S2N11津波計,37.1931,142.1998,0,津波計
S-net S2N12津波計,37.2772,141.879,0,津波計
S-net S2N13A津波計,37.3003,141.5709,0,津波計
S-net S2N14津波計,37.0952,141.3703,0,津波計
S-net S2N15津波計,36.8344,141.3307,0,津波計
S-net S2N16津波計,36.662,141.5207,0,津波計
S-net S2N17津波計,36.6337,141.8389,0,津波計
S-net S2N18津波計,36.6824,142.1445,0,津波計
S-net S2N19津波計,36.5986,142.4389,0,津波計
S-net S2N20津波計,36.3885,142.6164,0,津波計
S-net S2N21津波計,36.1577,142.5553,0,津波計
S-net S2N22津波計,35.9463,142.4014,0,津波計
S-net S2N23津波計,35.9677,142.1138,0,津波計
S-net S2N24津波計,35.9976,141.7944,0,津波計
S-net S2N25津波計,36.0729,141.5095,0,津波計
S-net S2N26津波計,36.1442,141.2021,0,津波計
S-net S3N01津波計,39.4497,142.4578,0,津波計
S-net S3N02津波計,39.3746,142.7918,0,津波計
S-net S3N03津波計,39.3231,143.1206,0,津波計
S-net S3N04津波計,39.2958,143.4544,0,津波計
S-net S3N05津波計,39.1906,143.7499,0,津波計
S-net S3N06津波計,39.0459,143.9305,0,津波計
S-net S3N07津波計,38.8308,143.7846,0,津波計
S-net S3N08津波計,38.7826,143.4769,0,津波計
S-net S3N09津波計,38.7739,143.1437,0,津波計
S-net S3N10津波計,38.8668,142.8212,0,津波計
S-net S3N11津波計,38.9349,142.4873,0,津波計
S-net S3N12津波計,38.8412,142.1816,0,津波計
S-net S3N13津波計,38.5901,142.1816,0,津波計
S-net S3N14津波計,38.4993,142.5002,0,津波計
S-net S3N15津波計,38.4487,142.8376,0,津波計
S-net S3N16津波計,38.4262,143.1703,0,津波計
S-net S3N17津波計,38.3978,143.5139,0,津波計
S-net S3N18津波計,38.3063,143.781,0,津波計
S-net S3N19津波計,38.0594,143.7441,0,津波計
S-net S3N20津波計,37.9311,143.5675,0,津波計
S-net S3N21津波計,37.9713,143.2454,0,津波計
S-net S3N22津波計,37.9838,142.9072,0,津波計
S-net S3N23津波計,38.027,142.5735,0,津波計
S-net S3N24津波計,38.0569,142.234,0,津波計
S-net S3N25津波計,38.0972,141.8957,0,津波計
S-net S3N26津波計,38.106,141.5572,0,津波計
S-net S4N01津波計,40.7881,141.7895,0,津波計
S-net S4N02津波計,40.9069,142.1057,0,津波計
S-net S4N03津波計,41.0156,142.4314,0,津波計
S-net S4N04津波計,41.0762,142.7706,0,津波計
S-net S4N05津波計,41.0443,143.1138,0,津波計
S-net S4N06津波計,40.9718,143.4481,0,津波計
S-net S4N07津波計,40.882,143.7746,0,津波計
S-net S4N08津波計,40.7805,144.0905,0,津波計
S-net S4N09津波計,40.5521,144.1332,0,津波計
S-net S4N10津波計,40.4327,143.8887,0,津波計
S-net S4N11津波計,40.4353,143.543,0,津波計
S-net S4N12津波計,40.4515,143.2015,0,津波計
S-net S4N13津波計,40.5196,142.9617,0,津波計
S-net S4N14津波計,40.5927,142.634,0,津波計
S-net S4N15津波計,40.5933,142.2844,0,津波計
S-net S4N16津波計,40.3295,142.2673,0,津波計
S-net S4N17津波計,40.1165,142.3926,0,津波計
S-net S4N18津波計,40.1088,142.6222,0,津波計
S-net S4N19津波計,40.0904,142.9695,0,津波計
S-net S4N20津波計,40.0743,143.321,0,津波計
S-net S4N21津波計,40.0863,143.6572,0,津波計
S-net S4N22津波計,40.026,143.9547,0,津波計
S-net S4N23津波計,39.7718,143.9259,0,津波計
S-net S4N24津波計,39.6388,143.7154,0,津波計
S-net S4N25津波計,39.6976,143.3749,0,津波計
S-net S4N26津波計,39.7245,143.0384,0,津波計
S-net S4N27津波計,39.7445,142.6903,0,津波計
S-net S4N28津波計,39.7385,142.3408,0,津波計
S-net S5N01津波計,42.7688,145.7115,0,津波計
S-net S5N02津波計,42.6403,145.4063,0,津波計
S-net S5N03津波計,42.4802,145.1433,0,津波計
S-net S5N04津波計,42.2286,145.204,0,津波計
S-net S5N05津波計,42.0615,145.437,0,津波計
S-net S5N06津波計,41.884,145.6544,0,津波計
S-net S5N07津波計,41.6637,145.5291,0,津波計
S-net S5N08津波計,41.5301,145.2483,0,津波計
S-net S5N09津波計,41.521,144.905,0,津波計
S-net S5N10津波計,41.6541,144.6716,0,津波計
S-net S5N11津波計,41.9072,144.6955,0,津波計
S-net S5N12津波計,42.0784,144.6375,0,津波計
S-net S5N13津波計,41.9792,144.3445,0,津波計
S-net S5N14津波計,41.7475,144.1779,0,津波計
S-net S5N15津波計,41.4961,144.0879,0,津波計
S-net S5N16津波計,41.3742,143.8006,0,津波計
S-net S5N17津波計,41.3643,143.453,0,津波計
S-net S5N18津波計,41.4351,143.1264,0,津波計
S-net S5N19津波計,41.5607,142.8177,0,津波計
S-net S5N20津波計,41.6095,142.4787,0,津波計
S-net S5N21津波計,41.4248,142.2193,0,津波計
S-net S5N22津波計,41.1989,142.0271,0,津波計
S-net S5N23津波計,40.954,141.8762,0,津波計
S-net S6N01津波計,42.8064,146.0211,0,津波計
S-net S6N02津波計,42.5807,146.078,0,津波計
S-net S6N03津波計,42.0943,146.2316,0,津波計
S-net S6N04津波計,41.6653,146.1747,0,津波計
S-net S6N05津波計,41.3717,145.6053,0,津波計
S-net S6N06津波計,40.8999,145.3929,0,津波計
S-net S6N07津波計,40.536,144.9381,0,津波計
S-net S6N08津波計,40.0319,144.8089,0,津波計
S-net S6N09津波計,39.5172,144.7191,0,津波計
S-net S6N10津波計,39.0072,144.5915,0,津波計
S-net S6N11津波計,38.499,144.4536,0,津波計
S-net S6N12津波計,37.9879,144.3357,0,津波計
S-net S6N13津波計,37.4862,144.1757,0,津波計
S-net S6N14津波計,37.012,143.9557,0,津波計
S-net S6N15津波計,36.5748,143.6059,0,津波計
S-net S6N16津波計,36.1262,143.2823,0,津波計
S-net S6N17津波計,35.6745,142.9688,0,津波計
S-net S6N18津波計,35.2114,142.6799,0,津波計
S-net S6N19津波計,34.7118,142.5208,0,津波計
S-net S6N20津波計,34.2604,142.2389,0,津波計
S-net S6N21津波計,33.9619,141.7291,0,津波計
S-net S6N22津波計,33.8601,141.1281,0,津波計
S-net S6N23津波計,33.9448,140.5189,0,津波計
S-net S6N24津波計,34.1773,139.9814,0,津波計
S-net S6N25津波計,34.6696,139.8167,0,津波計
N-net NAE01津波計,32.7687,134.2661,0,津波計
N-net NAE02津波計,32.4154,134.3346,0,津波計
N-net NAE03津波計,32.1712,134.274,0,津波計
N-net NAE04津波計,32.0348,133.9599,0,津波計
N-net NAE05津波計,31.7849,133.6553,0,津波計
N-net NAE06津波計,31.5924,133.3376,0,津波計
N-net NAE07津波計,31.5061,133.1083,0,津波計
N-net NAE08津波計,31.288,132.7613,0,津波計
N-net NAE09津波計,31.1387,132.324,0,津波計
N-net NAE10津波計,31.1019,131.913,0,津波計
N-net NAE11津波計,31.3942,132.0465,0,津波計
N-net NAE12津波計,31.5881,132.4506,0,津波計
N-net NAE13津波計,31.7433,132.8114,0,津波計
N-net NAE14津波計,31.9701,133.0367,0,津波計
N-net NAE15津波計,32.1818,132.7916,0,津波計
N-net NAE16津波計,31.9429,132.5561,0,津波計
N-net NAE17津波計,31.7484,132.4602,0,津波計
N-net NAE18津波計,31.3256,131.7281,0,津波計
釧路・十勝沖津波計1,41.704,144.4375,0,津波計
釧路・十勝沖津波計2,42.2365,144.8454,0,津波計
沓形,45.1894,141.1378,0,検潮
枝幸,44.9386,142.5892,0,検潮
紋別,44.355,143.3619,0,検潮
留萌,43.9506,141.635,0,検潮
根室,43.3436,145.5848,0,検潮
石狩湾新港,43.2156,141.3072,0,検潮
霧多布,43.0783,145.1164,0,検潮
岩内,42.9872,140.5072,0,検潮
苫小牧（西港）,42.6297,141.6211,0,検潮
苫小牧（東港）,42.6058,141.8172,0,検潮
苫小牧（白老）,42.5214,141.3206,0,検潮
瀬棚,42.4539,139.8452,0,検潮
室蘭,42.3444,140.9533,0,検潮
十勝,42.2969,143.3222,0,検潮
奥尻,42.1742,139.5181,0,検潮
浦河,42.1642,142.7708,0,検潮
森,42.11,140.5917,0,検潮
江差,41.8706,140.1253,0,検潮
むつ小川原,40.9264,141.3872,0,検潮
青森,40.8353,140.7639,0,検潮
八戸,40.5353,141.5556,0,検潮
久慈,40.1922,141.7967,0,検潮
石巻,38.4081,141.2667,0,検潮
秋田,39.7461,140.0658,0,検潮
酒田,38.9175,139.8236,0,検潮
仙台塩釜（仙台港区）,38.2728,141.0038,0,検潮
新潟東,37.9883,139.2218,0,検潮
新潟西,37.9406,139.0611,0,検潮
七尾,37.0494,136.9683,0,検潮
伏木富山（新湊）,36.7753,137.1181,0,検潮
金沢,36.6178,136.6028,0,検潮
敦賀,35.6606,136.0644,0,検潮
鹿島,35.9294,140.6936,0,検潮
横浜,35.4669,139.6381,0,検潮
第二海堡,35.3119,139.7414,0,検潮
三河,34.7333,137.3203,0,検潮
下田,34.6753,138.9592,0,検潮
宇部,33.9386,131.2431,0,検潮
与島,34.3844,133.8231,0,検潮
来島,34.1169,132.9903,0,検潮
青木,34.3647,133.6878,0,検潮
多度津,34.275,133.7456,0,検潮
長府,34.0141,131.0043,0,検潮
青浜,33.9488,131.0187,0,検潮
南風泊,33.9483,130.877,0,検潮
門司,33.9452,130.9576,0,検潮
弟子待,33.9247,130.927,0,検潮
大山の鼻,33.9132,130.9051,0,検潮
田ノ首,33.9153,130.9324,0,検潮
日明,33.9094,130.8793,0,検潮
砂津,33.8922,130.8915,0,検潮
苅田,33.7936,131.0006,0,検潮
郷ノ浦,33.7433,129.6878,0,検潮
唐津,33.4669,129.9617,0,検潮
平戸瀬戸航路,33.3611,129.5753,0,検潮
別府,33.2986,131.5036,0,検潮
熊本,32.7522,130.5647,0,検潮
皇后,32.7225,129.8347,0,検潮
八代,32.5119,130.5667,0,検潮
本渡瀬戸,32.4297,130.2097,0,検潮
宮崎,31.9028,131.4564,0,検潮
志布志港,31.475,131.1089,0,検潮
中城湾,26.3272,127.8394,0,検潮
平良,24.8133,125.2783,0,検潮
忍路,43.209,140.859,0,験潮
浅虫,40.898,140.859,0,験潮
男鹿,39.942,139.704,0,験潮
鼠ヶ関,38.563,139.546,0,験潮
相馬,37.831,140.962,0,験潮
小木,37.815,138.281,0,験潮
柏崎,37.357,138.509,0,験潮
勝浦,35.129,140.249,0,験潮
油壺,35.16,139.616,0,験潮
田子,34.807,138.764,0,験潮
焼津,34.871,138.328,0,験潮
伊東,34.895,139.133,0,験潮
三国,36.255,136.149,0,験潮
鬼崎,34.904,136.824,0,験潮
海南,34.144,135.192,0,験潮
田後,35.594,134.316,0,験潮
須佐,34.628,131.604,0,験潮
久礼,33.334,133.244,0,験潮
仮屋,33.473,129.849,0,験潮
細島,32.428,131.669,0,験潮
阿久根,32.017,130.191,0,験潮
沖縄,26.179,127.825,0,験潮
奥尻,42.078,139.489,0,験潮
飛島,39.186,139.548,0,験潮
東海１,33.7684,137.587,0,海底津波計
房総２,34.755,140.7517,0,海底津波計
房総３,34.805,140.5067,0,海底津波計
東南海１,33.6543,136.8406,0,海底津波計
東南海２,33.8578,137.3594,0,海底津波計
東南海３,34.2173,137.692,0,海底津波計
根室市花咲  ,43.2781,145.5678,0,検潮所
釧路  ,42.9756,144.3714,0,検潮所
網走  ,44.0194,144.2858,0,検潮所
父島二見,27.0942,142.1944,0,検潮所
宮古  ,39.6431,141.9753,0,津波計
大船渡,39.0197,141.7533,0,検潮所
稚内  ,45.4078,141.6853,0,検潮所
石巻市鮎川  ,38.2967,141.5053,0,検潮所
むつ市関根浜,41.3647,141.2381,0,津波計
小樽  ,43.2067,141.0053,0,津波計
いわき市小名浜,36.9375,140.8919,0,検潮所
銚子  ,35.7444,140.8583,0,巨大津波計
函館  ,41.7817,140.7247,0,検潮所
深浦  ,40.6472,139.9264,0,検潮所
館山市布良  ,34.9189,139.825,0,検潮所
東京晴海,35.6486,139.77,0,検潮所
三宅島坪田,34.0572,139.5439,0,津波計
伊豆大島岡田,34.7894,139.3914,0,検潮所
沼津市内浦  ,35.0172,138.8903,0,検潮所
南伊豆町手石港,34.6283,138.8892,0,津波計
佐渡市鷲崎,38.3186,138.5172,0,津波計
清水,35.0117,138.5175,0,検潮所
御前崎,34.6083,138.2222,0,検潮所
舞阪  ,34.6819,137.6089,0,検潮所
珠洲市長橋,37.5008,137.1553,0,津波計
富山  ,36.7622,137.2247,0,検潮所
名古屋,35.0914,136.8808,0,検潮所
鳥羽  ,34.4853,136.8247,0,検潮所
尾鷲  ,34.0764,136.2072,0,検潮所
那智勝浦町浦神  ,33.5583,135.8964,0,検潮所
串本町袋港,33.4758,135.7733,0,検潮所
大阪天保山,34.6581,135.4328,0,検潮所
舞鶴  ,35.4767,135.3869,0,検潮所
白浜町堅田,33.6836,135.3753,0,検潮所
神戸  ,34.6822,135.1903,0,検潮所
岬町淡輪  ,34.3389,135.1781,0,検潮所
和歌山,34.2217,135.1456,0,検潮所
洲本  ,34.3467,134.9011,0,津波計
小松島,34.0092,134.5878,0,検潮所
室戸市室戸岬,33.2664,134.1644,0,検潮所
高松  ,34.3514,134.0569,0,検潮所
玉野市宇野  ,34.4886,133.9494,0,検潮所
高知  ,33.4992,133.5692,0,津波計
隠岐西郷  ,36.2014,133.3311,0,検潮所
境港市境    ,35.5478,133.2431,0,検潮所
土佐清水  ,32.7792,132.9589,0,検潮所
松山  ,33.8589,132.7122,0,検潮所
宇和島,33.2272,132.5511,0,津波計
浜田  ,34.8972,132.0661,0,検潮所
日向市細島,32.4425,131.6747,0,巨大津波計
日南市油津  ,31.5769,131.4094,0,検潮所
種子島熊野,30.4636,130.9644,0,津波計
下関市彦島弟子待,33.925,130.9278,0,巨大津波計
鹿児島,31.5925,130.5647,0,津波計
枕崎  ,31.2678,130.2931,0,検潮所
太良町大浦野崎  ,32.9767,130.2206,0,津波計
口之津,32.6053,130.1953,0,検潮所
長崎  ,32.7372,129.8692,0,検潮所
奄美市小湊,28.3228,129.5342,0,津波計
対馬比田勝  ,34.6553,129.4783,0,津波計
福江島福江港,32.6961,128.8494,0,検潮所
那覇  ,26.2133,127.6653,0,検潮所
石垣島石垣港,24.3322,124.1636,0,津波計
与那国島久部良,24.4522,122.9419,0,津波計
南鳥島,24.2822,153.9783,0,遠地津波計
熊野市遊木,33.9258,136.1689,0,津波計
御坊市祓井戸,33.8508,135.1644,0,津波計
徳島由岐,33.7711,134.5922,0,津波計
田原市赤羽根,34.605,137.1883,0,津波計
南大東漁港,25.8686,131.2281,0,津波計
小田原,35.2381,139.1481,0,津波計
佐伯市松浦,32.9461,131.9608,0,津波計
苓北町都呂々,32.4675,130.0369,0,津波計
えりも町庶野,42.0431,143.2942,0,巨大津波計
留萌,43.9506,141.635,0,巨大津波計
瀬棚港,42.4539,139.8456,0,巨大津波計
江差,41.8706,140.1256,0,巨大津波計
浦河,42.1642,142.7708,0,巨大津波計
秋田,39.7461,140.0658,0,巨大津波計
酒田,38.9175,139.8236,0,巨大津波計
相馬,37.8306,140.9619,0,巨大津波計
大洗,36.3078,140.5742,0,巨大津波計
八丈島八重根,33.1003,139.7786,0,巨大津波計
新潟,37.9406,139.0611,0,巨大津波計
金沢,36.6178,136.6028,0,巨大津波計
広島,34.3531,132.4647,0,巨大津波計
福岡市博多,33.6189,130.4078,0,巨大津波計
宮崎港,31.9028,131.4564,0,巨大津波計
南大隅町大泊,31.0236,130.6892,0,巨大津波計
宮古島平良,24.8133,125.2783,0,巨大津波計
豊岡市津居山,35.6467,134.8286,0,巨大津波計
八戸港 ,40.535,141.5556,0,巨大津波計
渡島森港,42.11,140.5917,0,巨大津波計
苫小牧西港,42.63,141.6211,0,巨大津波計
久慈港,40.1922,141.7967,0,巨大津波計
仙台港,38.2731,141.0036,0,巨大津波計
神栖市鹿島港,35.9297,140.6939,0,巨大津波計
勝浦市興津,35.13,140.2478,0,巨大津波計
志布志港,31.475,131.1089,0,巨大津波計
三浦市三崎漁港,35.145,139.6133,0,巨大津波計
竜飛,41.242,140.3819,0,験潮
釜石,39.2733,141.8892,0,験潮
粟島,38.4678,139.2541,0,験潮
千葉,35.5681,140.0456,0,験潮
神津島,34.2092,139.1317,0,験潮
三宅島,34.0672,139.4808,0,験潮
八丈島,33.1303,139.8047,0,験潮
横須賀,35.2881,139.6514,0,験潮
広島,34.3532,132.4647,0,験潮
呉,34.2406,132.5503,0,験潮
徳山,34.0408,131.8028,0,験潮
博多,33.6189,130.4078,0,験潮
大分,33.2661,131.6867,0,験潮
厳原,34.1936,129.2969,0,験潮
佐世保,33.1581,129.7239,0,験潮
大泊,31.0236,130.6892,0,験潮
西ノ表,30.7347,130.9922,0,験潮
名瀬,28.3991,129.4977,0,験潮
中之島,29.841,129.8482,0,験潮
横浜新港,35.4542,139.6442,0,験潮
